{
    "train": [{
        "input": [
            [5, 0, 0],
            [3, 5, 0],
            [0, 0, 5]
        ],
        "output": [
            [5, 3, 0],
            [0, 5, 0],
            [0, 0, 5]
        ]
    }, {
        "input": [
            [5, 0, 0, 0],
            [0, 5, 0, 0],
            [6, 0, 5, 0],
            [6, 0, 4, 5]
        ],
        "output": [
            [5, 0, 6, 6],
            [0, 5, 0, 0],
            [0, 0, 5, 4],
            [0, 0, 0, 5]
        ]
    }, {
        "input": [
            [5, 0, 0, 0, 0],
            [0, 5, 0, 0, 0],
            [8, 8, 5, 0, 0],
            [0, 2, 0, 5, 0],
            [0, 2, 0, 1, 5]
        ],
        "output": [
            [5, 0, 8, 0, 0],
            [0, 5, 8, 2, 2],
            [0, 0, 5, 0, 0],
            [0, 0, 0, 5, 1],
            [0, 0, 0, 0, 5]
        ]
    }],
    "test": [{
        "input": [
            [5, 0, 0, 0, 0, 0],
            [0, 5, 0, 0, 0, 0],
            [3, 3, 5, 0, 0, 0],
            [0, 0, 0, 5, 0, 0],
            [2, 0, 8, 8, 5, 0],
            [2, 0, 6, 0, 0, 5]
        ],
        "output": [
            [5, 0, 3, 0, 2, 2],
            [0, 5, 3, 0, 0, 0],
            [0, 0, 5, 0, 8, 6],
            [0, 0, 0, 5, 8, 0],
            [0, 0, 0, 0, 5, 0],
            [0, 0, 0, 0, 0, 5]
        ]
    }]
}